titles,category
[속보] 한성숙 “전환적 시기에 총리 지명…막중한 책임감”,Politics
한동훈 “선관위원장 상임직 전환…선관위-법원 고리 끊어야”,Politics
"이 대통령, 오늘 취임 1주년 기자회견…""대체불가 대한민국""",Politics
방북 앞둔 시진핑 “북중관계 강력한 동력 주입…친척처럼 오가야”,Politics
"李 대통령 ""초과세수, 미래세대 위한 투자 생각… 초과이윤 논쟁 신중해야""",Politics
"李대통령 “초과세수, 잠재성장률 회복에 장기 투자”",Politics
"친여 유튜버 “일베, 탱크로 밀어버려야” 이준석 “李대통령, 퇴출 선동해야 할 사안”",Politics
"李 “주가, 용수철처럼 정상화…아직도 저평가”",Politics
"국가보훈부, '6·10 만세운동 기념일' 맞아 독립유공자에 '특별 포상'",Politics
"이 대통령 ""8000 깨졌다고 대폭락? 2700 비하면 엄청 올라온 것…주가 아직도 저평가""",Politics
"[단독] 정청래, 오늘 재보선 당선인과 만찬...송영길 불참",Politics
"조국혁신당 ""부정선거론, 이미 시위 장소서 환영 받지 못해.. 그게 국민  목소리""",Politics
서정욱 “한동훈 당선되니 전화 안받아…김건희 문자 씹듯”,Politics
"""아주 발랄해"" 대통령 상상도 못했다며…삼전 노조 얘기 콕 [현장영상]",Politics
"李대통령 ""반도체 초과세수, 미래 성장동력에 투자해야""",Politics
"조갑제 ""올림픽공원 시위대, '부정선거론' 장동혁·전한길과 선 그어야""",Politics
李대통령 “부동산 가격 상승 압력 나름 잘 방어…공급 대책 조만간 발표”,Politics
"‘재선거’ 올인, 장동혁의 마이웨이…마스크 쓰고 개표소 시위 참석",Politics
"李 대통령 ""보유세 대체로 낮다""…부동산 세제 개편 예고",Politics
"[바로이뉴스] 이 대통령, 출렁이는 코스피에도 ""아직도 저평가됐다 생각""..""매매 참고 자료는 아냐"" '빵' 터진 이유",Politics
"[속보] 시진핑, 7년 만에 北 국빈방문…전용기로 베이징서 출발",Politics
"[속보] 이 대통령 “부동산 정책, 선거에 좋은 영향 더 많았을 것…50% 정도는 잘한다는 평가”",Politics
"李대통령 ""반도체 초과세수, 새로운 성장동력 발굴에 투자해야""",Politics
‘평택을 낙선’ 조국 “서울 이사설은 허위…조치 검토할 것”,Politics
"與, '당권 경쟁' 계파 신경전 가열…지방선거 책임론 공방 지속",Politics
"李대통령 ""중동전쟁, 쉽게 안 끝나…최종결론 이르기 어려울 것""",Politics
"달아오르는 與 전대, 3파전 본격화…일각선 과열 우려",Politics
흰색 '초심 넥타이' 맨 李대통령…회견장 곳곳에 '대체불가 대한민국',Politics
김경수·조국 낙선에 담긴 민심…섣부른 복귀가 역풍 불렀나,Politics
李대통령 “우리 보유세 대체로 낮아... 부동산 세제 7월 정리 가능”,Politics
"국힘 지지율 급등에 張거취 복잡…""결단해야"" vs ""선관위 집중""",Politics
혁신당 “민주진보 진영 연대·통합 노력…조국 더 강건해져 돌아올 것”,Politics
"김도읍 ""장동혁 거취 판단해야…원내대표 선거에 '윤어게인' 또 출마""",Politics
"李 “초과세수, 빚 상환보다 미래세대-성장잠재력 키우는데 투자”",Politics
"李대통령 “초과세수, 잠재성장률 회복에 장기 투자”",Politics
"[취임 1주년 회견] 이 대통령 ""삼전 등 초과이윤 논쟁 신중해야""",Politics
"[속보] 李 “서울 집값 잘 막았다 생각…부동산 정책, 선거 좋은 영향”",Politics
매불쇼 최욱 “탱크로 밀어야” 정준희 “몽둥이 들어야”…누구를?,Politics
"장동혁, 거듭 '재선거' 요구…""李대통령 합수본은 선관위 면죄부용""",Politics
"투표용지 부족사태 일파만파…張, 퇴진론 뚫나",Politics
"매불쇼 최욱 ""일베, 전두환식 탱크로 밀어야""…與 ""한심하기 짝이 없다""",Politics
장동혁 ‘재선거’ 외치자 여야 한목소리 “선거 참패 책임 피하려는 것”,Politics
"""정원오 낙선은 이 대통령 탓""…김종인 ""부동산 발언 너무 많았다""",Politics
"무소속 최혁진, 민주당에 공식 복당 신청...“李 정부 성공의 밀알 되겠다”",Politics
"李 대통령 ""기본소득 먼저 도입하면 기업들 다 탈출할 것""",Politics
[속보] 최태원·젠슨 황 “AI 팩토리 함께 만든다”…SK-엔비디아 협력 확대,Economic
"롯데온, 오늘부터 '자이언츠데이'…계열사 혜택 총출동",Economic
"젠슨 황, 주가 하락에 ""저렴한 가격에 살 수 있어…기뻐해도 돼""",Economic
"삼전, '구매액 20%' 온누리상품권으로 환급",Economic
코스피 급락에 올해 11번째 매도 사이드카 발동(상보),Economic
수도권 신고가 거래 비중 올해 최저…구리·용인·동탄은 껑충,Economic
"블룸버그 ""코스피 과열 경계감…일부 글로벌 투자자 헤지 나서""",Economic
"비트코인, 9500만원선 회복…공포지수는 '극단적 공포'",Economic
“삼전닉스 내려갈줄 알았다” 어느새 40% 오른 ‘곱버스’,Economic
한국은 1인당 쓰레기 배출량 늘고 일본은 감소세 지속,Economic
"[단독] 한성숙, 잠실아파트 52억에 처분해 30억 차익…양도세 혜택 ‘막차’",Economic
삼전닉스 10% 급락에 레버리지 투자자 피눈물,Economic
저평가株 찾는 가치투자도 진화…현재보다 미래를 읽는다,Economic
밸류업 공시 731곳으로 확대…시총 83% 참여·지수도 사상 최고,Economic
"李대통령 ""반도체 제외해도 코스피 5000 넘길 수 있었다…아직 저평가""",Economic
'진짜 깐부' 인증한 젠슨 황-최태원..이달 들어서만 다섯번 만나,Economic
"스페이스X로 '우르르'…미래에셋, 2분 만에 2차 청약 완판",Economic
지선 끝나자 시퍼런 코스피…李 짚은 거래세 폐지론 '꿈틀',Economic
“치맥 최고” “막내가 고기 구워”… 젠슨황 동선마다 쏟아진 말말말,Economic
"KB운용, 삼전닉스 성장성에 채권 안정성까지 챙겼다",Economic
"검은 월요일 덮쳐도 ""섣불리 팔면 안 돼""...국장 상승세 안 꺾인다?",Economic
거시경제 불안에 흔들리는 반도체주…이때 필요한 '3·3·3 전략'은?,Economic
"[일문일답] 젠슨황 ""AI인프라 확충 이제 걸음마…SK그룹과 고차원 협력""",Economic
하루 만에 국민 노후 재산 '45조' 증발...환율 압박에 리밸런싱도 부담,Economic
李 '주가누르기' 정조준…코스피 두 배 뛰어도 70%는 저평가,Economic
"""무서워서 계좌 열어보지 못해""…급락장에 개미들 '패닉'",Economic
"韓 재계 종횡무진 젠슨 황, 반도체·로봇·통신 다 품었다",Economic
[속보]李 “빚 없는 게 절대 진리 아냐”…초과세수 부채상환론에 “바보짓”,Economic
"SKT, 엔비디아와 손잡고 GW급 'AI 팩토리' 구축…2027년 첫 가동",Economic
"뉴욕발 반도체 쇼크에…30만전자·190만닉스 붕괴 [오늘, 이 종목]",Economic
HBM 넘어 AI 공장으로…더 깊어진 최태원·젠슨 황 '깐부 동맹'(종합),Economic
"ACE 미국우주테크액티브 ETF, 최근 1개월 개인순매수 600억원 돌파",Economic
"코스피 '검은 월요일'에 역대급 투매…증권가는 ""저가매수 기회""",Economic
"""주식앱 지웠다"" ""이틀 동안 1억 날려""…급락장에 개미들 '공포'",Economic
깐부회동·깜짝선물 다 이유 있었네…엔비디아 손잡는 SK텔레콤,Economic
"머스크의 스페이스X, 꿈의 상장인가 '유동성 블랙홀'인가",Economic
"젠슨 황, 마지막까지 강행군…LG·현대차·네이버 만난다",Economic
블랙먼데이 코스피 급락에…하락장 베팅 '곱버스 ETF' 수익률 껑충,Economic
"젠슨 황, 주가 급락 우려에 ""싸게 살 기회""…""SK하닉, 앞으로도 최대 메모리 파트너"" [종합]",Economic
"李 ""반도체 초과세수로 국가 부채 상환? 바보 같은 짓""",Economic
LG 주가 구원군 떴다? 젠슨황 오자 구광모 영접 [현장영상],Economic
"""계좌 열어보기 무섭다"" ""1억 날려""…증시 급락에 찾아온 공포",Economic
"CJ도, CU도 왜 이러나…여직원 사진부터 티빙, 택배 정보까지 털려",Economic
미국발 반도체 쇼크에 ‘블랙 먼데이’ 현실화… 코스피 폭락 후 소폭 반등,Economic
"레진 부족 쇼크…""올가을 스마트폰값 10년 만에 최고"" 경고",Economic
1600원도 배제 못해…고환율에 금융권 건전성 사수 최대 과제,Economic
"대법, ""한화 폭발 사고 후 납품지연 배상금 정부도 일정부분 부담해야""",Social
"‘나도 좀 쓰고 살자’ 부산 돌려차기 가해자, 영치금 보장 신청…“1억원 언제 다 받나” 피해자 한탄",Social
고래 품은 8000년 전 뼈 한 점… 8000년 울산 바다가 국가유산 된다,Social
지역산업 살릴 '협약형 특성화고'…내년 16곳 추가 개교,Social
안산 공장 화재 10시간 만에 큰불 잡혀,Social
[속보] 인천서 슈퍼 업주 살해하고 돈 훔친 40대 남성 검거,Social
"경찰, '투표용지 부족' 본격 수사 착수…고발인 조사",Social
"관세국경인재개발원, X-ray 판독 고도화 박차",Social
나흘째 이어지는 ‘투표용지 부족’ 규탄 시위… 아직도 수천명 남아,Social
"전남개발공사, 담양군 고서면에 2689세대 친환경 주거단지 조성",Social
"한은, 멜라트은행 100억 배상 판결 불복…최종 배상액 1000억대 가능성",Social
"""초2 자녀, 수업중 짝궁과 화장실 같이 못가게해 트라우마""…아동학대 고소 가능?",Social
"""내 휴대전화 봤으니 고소하겠다""…외도 들킨 아내의 적반하장 [이런 法]",Social
"""3월에 임기 끝난 노태악 사퇴는 국민 기만""…경찰, '투표지 부족' 수사 본격화",Social
"“젠슨 황 친필사인” 그래픽카드, 5000만원에 중고매물로 올라왔다",Social
"[단독] 우상호 강원지사 당선인, '법적 결격' 최흥집 인수위원장 교체",Social
"[단독] 경찰, 김병기 '차남 취업 특혜 의혹' 빗썸 압수수색",Social
"바이오, 상반기 기술수출 13조…다음 타자 누구?",Social
[속보] 인천서 슈퍼 업주 살해하고 돈 훔친 40대 남성 검거,Social
대법 “한화에어로 2019년 폭발사고 관련 납품 지연 이자 다시 계산해야”,Social
"""국민들 울렸던 그 꼬마가…"" 현충일 잠실을 눈물바다로 만든 시구",Social
"[단독] 삼성·SK ‘청색 OLED 소재’ 특허전… 법원 “SK 계열사, SFC에 1억원 배상”",Social
"잠실 개표소 봉쇄 4일째…'성조기, 음모론' 다시 슬그머니",Social
“한 끼에 수십만원에도 갔던 오마카세”…시든 인기에 폐업도 증가,Social
"'4명 사망' 부천제일시장 트럭 돌진 사고, 60대 운전자 금고형",Social
무면허에 음주·난폭 운전…30대 불법체류 외국인 추격전 끝 검거,Social
"대법, 2019년 한화 공장 폭발 관련 ""지연 배상금 이자 다시 계산""",Social
"'부산 돌려차기' 가해 男, 영치금 월 15만원 사용 보장 신청",Social
김영환 “대한민국 지키는 도지사 되겠다” 낙선 소회,Social
BTS 공연 앞두고 들썩이는 부산… 소상공인 할인 행사부터 환영 행사까지,Social
[단독]여자화장실 불법 촬영하고 휴지에 캡사이신 뿌린 20대 구속기소,Social
"'김건희에 청탁' 윤영호 통일교 前본부장, 대법원에 보석 청구",Social
"울산 ‘고래뼈에 박힌 사슴뿔 작살촉’, 국가민속문화유산 된다",Social
"""울산 원유 北 유입""…경찰, 허위 유포 유튜버 2명 檢 송치",Social
4년 전 '데자뷔' 안산시장 선거…민주당 책임론 '내홍' ,Social
70억 원 들인 원주 ‘차 없는 거리’…불법 주차장 전락,Social
"""브레이크 대신 액셀 밟았다""…부천시장 사고 운전자, 금고 2년 6개월",Social
강원교육감직인수위원장에 구재승 '현직' 중등교장 임명,Social
"GH, 동탄·광주·평택 알짜 용지 푼다",Social
"서울 영등포 제3스포츠센터, 지역 생활체육 중심지로 인기만점…7월1일 정식개관",Social
강삼영 강원교육감 인수위원장에 '구재승' 미탄중 교장,Social
고령화 가속에 ‘이것’ 입원 1위…치매 의료비는 2조원 육박,Social
"이제, 이곳의 주인은 '족제비'일지 모른다",Social
입학하자마자 학교 떠났다…고1에게 무슨 일이,Social
용산구 남영동 업무지구 제2구역 재개발사업 본격화,Social
"""진영 문제 No, 참정권 달린 일""…충돌 대신 연대 외친 2030",Social
"젠슨 황, 첫 한국 예능 출연…""화사 음악 사랑한다"" 팬심 고백",Culture
당분간 예년 초여름 날씨…동쪽 곳곳 소나기[날씨],Culture
"민음사 오늘의 작가상에 서현범의 '점선,'",Culture
"1분마다 400L 물폭탄…레고랜드, 신규 시설 ‘워터 버킷’ 공개",Culture
"서울성모병원, 쌍둥이 첫째 조산 후 둘째 22주 더 살려 출산",Culture
"문체부, 디지털관광주민증 지역 52곳으로 확대…1천400곳 혜택",Culture
7대 종교인들이 고민 경청…청계광장서 '국민마음회복' 캠페인,Culture
방한 크루즈 200만명 목표…부산항서 민관학·선사 머리 맞댔다,Culture
"정의선·젠슨 황, 오늘 양재사옥서 회동…로보틱스 협력 본격화하나",Culture
[날씨체크] 화요일부터 다시 더운 날씨···곳에 따라 소나기,Culture
“재벌은 삼겹살 비계 안 먹더라”…건강 영향은?,Culture
“당장 만들어야겠네”…‘이것’ 있으면 국내 1만4000여곳 할인 혜택,Culture
쌍둥이 첫째 잃고 눈물로 버틴 ‘22주’…엄마는 둘째를 자연분만했다,Culture
"분당서울대병원, 병상 배정 자동화…“입원 대기 30분 줄었다”",Culture
감기약 대신 '이것' 사러 간다…K약국의 '깜짝 변신' [이원희의 데이터로 보는 도시와 공간],Culture
"[뉴스타임날씨] 당분간 평년 초여름 날씨…오늘, 동쪽 곳곳 소나기",Culture
쌍둥이 중 첫째 보내고…22주 더 품어 둘째 출산,Culture
고환율의 두 얼굴…원가 압박 vs 수출 훈풍,Culture
"SWM.AI, 강남 누비는 '바퀴 위의 피지컬 AI' 로보택시로 완전 무인 자율주행 정조준",Culture
동남아 식당서 맛보던 ‘공심채 볶음’…알고 보면 만능 집반찬 [FOOD+],Culture
이채영 휴양지서 얼굴 열꽃…무시하면 안되는 ‘햇빛 알레르기’,Culture
올 여름 평년보다 더 덥다는데...무더위 이기는 데 좋은 과채들,Culture
식을 줄 모르는 일본여행 열풍…'청주~마쓰야마' 전세기까지 '매진',Culture
4500㎞ 대한민국 한 바퀴…코리아둘레길에서 ‘끝과 시작’을 만나다 [트래블ON],Culture
[약손+] 제2의 심장이 뛴다 ‘맨발 걷기’ ③현대인을 위협하는 ‘활성산소’란?,Culture
“치매 위험 던다”…맛·영양 가득 ‘달걀’ 얼마나 먹어야 할까,Culture
"울산서 발견된 '고래뼈에 박힌 사슴뿔 작살촉', 국가유산 된다(종합)",Culture
"""입원 대기 30분 줄였다""…분당서울대병원 '병상 자동 배정' 도입",Culture
"[930날씨] 당분간 평년 초여름 날씨…오늘, 동쪽 곳곳 소나기",Culture
태국 여행 중 '낮술 금지' 사라진다…54년 만에 주류 규제 완화,Culture
"밤에 심해지는 어깨 통증, 오십견 아닌 '회전근개 파열' 의심해야",Culture
"젠슨 황 BBQ 치킨 먹방…""치맥보다 더 좋은 건 없어""",Culture
"고유가 덕에 獨3사 제친 테슬라… 모델Y·3, 1·2위 ‘질주’[자동차]",Culture
"170cm·53kg 성해은, 몸매 비결은 혈당 안정?… “운동 후엔 꼭 ‘이 조합’” 뭐야?",Culture
[날씨] 오늘 흐리고 한낮 초여름...동쪽 곳곳 한때 소나기,Culture
정숙함에 힘 더했다… 대형 SUV의 정석 선보인 ‘벤츠 GLS 450’[자동차],Culture
"‘K-바이오 뷰티', K-뷰티의 중심에 서다",Culture
"현대차, 기술인력 공개 채용…고졸 이상 생산직도 뽑는다",Culture
초전도모터 품은 '도요타 수소엔진차' 24시간 레이스 완주…세계 최초,Culture
한 세기 전 벽화 속 토끼의 '빨간 눈'에서 읽어낸 것,Culture
‘이 음료’ 즐겨 마신 여성들 신장 기능 떨어져…콩팥 건강 망치는 습관은?,Culture
"인슐린 쓴 당뇨 환자, 치매 위험 높았다… 왜?[밀당365]",Culture
"발냄새 심한 양말, ‘뒤집어서 vs 그대로’...맞는 세탁법 따로 있다",Culture
내일 맑고 한낮 30도 초여름 날씨…전국 곳곳 오존 '나쁨',Culture
방북 시진핑의 '북핵 중재론'에 찬물...김정은·김여정 '핵무장' 연일 과시,World
“선박당 최대 30억원”…호르무즈 통행 서비스 요금 징수 시작한 이란,World
"트럼프 ""이란과 합의불발시 타격한 뒤 고농축우라늄 회수할 것""",World
휴전 협상에 '중대 위기'...이스라엘에 이란 미사일 '우수수'[자막뉴스],World
"트럼프, 인터뷰서 ‘부정 선거’의혹 제기해 진행자와 설전",World
"美, 인도양 전략 요청지 차고스제도 매입 추진",World
"이란 협상까지 엿들었나…美, 이스라엘 도청 의혹에 강경 대응",World
“트럼프 생일 백악관 UFC 경기 소송 직면…중단 요구”,World
"이스라엘군 ""이란 서부·중부 표적 공습""",World
"이스라엘, 이란 테헤란·이스파한 보복공습…""군사목표 타격""(상보)",World
필리핀 7.8 강진에 日·대만 등 쓰나미 위험…최소 1명 사망(종합),World
"이스라엘, 美 고위직 도청 파문…트럼프-네타냐후 '브로맨스' 흔들",World
트럼프 “경제 좋은데 왜 금리 올리나”...워시 첫 FOMC 앞두고 압박,World
"이스라엘, 이란 군사시설 보복 타격…테헤란 등에 폭발음",World
"이스라엘, 이란 미사일 도발에 즉각 반격… 무너진 ‘4월 휴전’",World
“3ｍ 높이 쓰나미 주의”…필리핀 민다나오 강진,World
"트럼프, 10일까지 합의하겠다지만…'핵포기-제재완화' 이견은 그대로",World
"금리 인상 우려에 AI 랠리 균열…월가 ""전형적인 버블""",World
中 핵탄두 620기로 증가…‘뉴스타트 종료’ 군비경쟁 신호탄,World
日언론 “시진핑이 노리는 건 두만강 동해 출해권”…일 안보에 변수,World
"이스라엘군 ""이란 서부·중부 표적 공습""…테헤란 등 폭발음",World
[영상] 방어 넘어 적진 초토화…'반격 무기' 실사격 나선 日자위대,World
"""女배우가 실제로 입었던 속옷""…3000만원 치솟은 브래지어, 뭐길래",World
맥주 한 잔에 2만 8000원? “이 가격 말도 안돼”…‘부자들의 축제’ 된 월드컵 ‘물가 쇼크’,World
"""日 NTT, 한국 SK그룹·대만 중화전신과 광반도체 동맹""",World
"FT ""韓, AI 붐·전쟁 최대 수혜국…반도체·조선·방산 3중 호황""",World
"[영상]건물 와르르, 日까지 쓰나미 경보…필리핀 규모 7.8 강진",World
"외신이 보는 韓 증시… “너무 빨리 올랐지만, 아직 끝난 장은 아니다”",World
"""중국 핵탄두, 지난해 620기로 증가…ICBM 발사대 수는 미러 추월""",World
"미국, 인도양 요충지 차고스 제도 손에 넣나…""매입안 마련""",World
시진핑 맞이 준비 끝낸 평양 거리…오성홍기·인공기 가득,World
스페이스X 상장 잭팟에…직원들도 '돈방석',World
"페루, 10년간 9번 쩨 대통령 뽑는 결선 투표 7일 실시.. 후지모리 -산체스 대결",World
"볼턴 ""트럼프의 이란 전쟁, 중동 핵무기 경쟁 촉발할 수 있다""",World
"스웨덴 싱크탱크 ""北 핵탄두 50→60기…中, 미·러 빠르게 추격""",World
"美참전용사, 백악관 UFC 중단 소송…“트럼프, UFC 주식 산뒤 행사 진행”",World
"""中 핵탄두 수, 지난해 620기로 증가…실전배치도 늘려""",World
남수단 ODA 공백 민간이 채웠다…8월 톤즈 이태석 희망병원 완공,World
"시진핑 방북에 평양, 거리에 오성홍기·인공기 나란히 가득",World
"""누가 이겨도 부정선거?""⋯쓰레기통 안 투표함·용지 부족·개표 지연까지 '대혼란' 온 페루",World
"中, 대일 희토류 수출 80%↓…日, 호주·인도 등 대안 모색",World
"英·佛·獨 ""젤렌스키-푸틴 직접 회담 지지…휴전 후 추가협상해야""",World
"""합의 불발 시 타격 후 우라늄 회수""‥여론 싸늘",World
시진핑 주석 7년 만 방북…'전략적 공조' 과시,World
"[속보] 젠슨 황, 크래프톤 장병규 만났다…게임업계 회동 시작",IT
"KT, 'KT 온마루'서 2026 월드컵 국가대표팀 팝업 마련",IT
"엔비디아, 네이버와 기가와트급 AI 팩토리 구축 협력",IT
"젠슨 황 엔비디아 CEO, SK 서린사옥 방문[현장]",IT
"로봇 눈에 ‘인간의 언어’ 입혔다…UNIST, 실시간 3D 공간 인식 AI 개발",IT
"애플, 8일 WWDC26 개막…AI 전략 재정비 무대 되나",IT
"원스토어 노조, 매각설에 공개 반발…""토종 앱마켓 가치 헐값 평가 안돼""",IT
① 국내 최초 컴퓨터박물관이 변신을 결심한 이유[넥슨뮤지엄에게 묻다],IT
"환율 1550원 시대, 역직구가 뜬다?",IT
"'골든벨' 울린 네이버 이해진, 엔비디아와 수십만장 GPU '지능 공장' 짓는다",IT
"“GW급 AI 팩토리 내년 가동”… SK텔레콤, 엔비디아 손잡고 ‘탈통신’ 승부수",IT
"늦은 만큼 질문 더 받은 젠슨 황 ""한국은 반도체 '월드 클래스'""",IT
'AI 지각생 딱지' 뗄까…구글 제미나이 품은 애플 시리 베일 벗는다,IT
"[현장] 젠슨 황 ""SKT와 협력 큰 기대...한국은 AI로 구동되는 나라 될 것""(종합)",IT
"[어바웃 C] 네오위즈 첫 개발자 대표 박성준, 차기 신작 흥행 이끈다",IT
PC방 파고든 젠슨 황…게임사·페이커 앞세워 '차세대 AI PC' 생태계 구축,IT
에볼라 방역 구멍…환자 접촉자 절반도 못 찾는다,IT
"SK·엔비디아, 이제는 AI인프라 파트너…기술 로드맵 함께 짠다(종합)",IT
韓 작은 원자로가 자동차화물선 움직인다…용융염원자로 기반 개념설계 승인,IT
"젠슨 황 ""SK하이닉스는 최대 파트너...미래도 변함 없을 것""",IT
젠슨 황 방한 마지막 날 SK·LG·현대차·서울대·네이버 릴레이 회동… 피지컬 AI 협력 확장,IT
"쏠리드, KT·한화시스템과 저궤도 위성통신 핵심 반도체 국산화 착수",IT
젠슨 황 “AI 혁명 초입”...최태원 “엔비디아와 AI 팩토리 구축”,IT
"‘아리랑 위성 6호’ 하반기 출격…독자개발 능력 확보, 위성강국 도약",IT
"""코드만 짜는 AI 그만""…LG CNS, AI로 SI 체질 바꾼다",IT
"2시간 벽 깬 마라톤 신기록…""신발은 거들 뿐""",IT
"젠슨 황 ""엔비디아 내년 매출 5배↑...SK하닉·SKT 주식 아직 싸다""",IT
"ESS 시장, 전기차 둔화 속 급성장…LG엔솔, 점유율 두 배 껑충",IT
"'P의 거짓' 이끈 박성준 그룹장, 네오위즈 새 사령탑으로",IT
"젠슨 황 ""SK하이닉스는 최대 메모리 파트너""…공동설계 공식화",IT
"유나이티드항공 CEO ""항공권 올라도 부유층은 탄다""",IT
“AI 구축은 이제 시작”... 젠슨 황 “SK와 협력 규모 상당히 커질 것”,IT
"삼성重, LNG운반선 1척 수주…상선 목표 91% 달성",IT
"크래프톤·엔비디아, '펍지'로 다진 동맹…AI 거쳐 로봇까지",IT
'리니지'서 '피지컬AI'로…엔씨·엔비디아 25년 동맹 진화,IT
‘사망 위험 2배’ 근력 부족…‘앉았다 일어서기’로 측정하는 법,IT
TJ 만날 때는 가죽 재킷·장병규는 면 재킷⋯젠슨 황의 '재킷 교체' 눈길,IT
"[주간 클라우드 동향/6월①] 젠슨 황, 방한 후 종횡무진…핵심 키워드로 떠오른 'AI·클라우드'",IT
"‘각 세종 4배’ 초대형 AI 팩토리 짓는다…네이버, 엔비디아와 글로벌 인프라 공략",IT
[속보] 최태원·젠슨 황 “AI 팩토리 함께 만든다”…SK-엔비디아 협력 확대,IT
"젠슨황x이해진, 오늘 네이버 '비전스테이지'서 치지직 생방송",IT
"“GW급 AI 팩토리, 2027년 첫 가동”…SKT, 엔비디아 ‘클라우드 파트너’ 합류",IT
"장병규 크래프톤 의장, 젠슨 황과 회동…'배틀그라운드' 팬 이벤트 참여",IT
"네이버, 젠슨 황 방문 앞서 엔비디아와 GW급 AI 팩토리 구축 계획 발표",IT
